id,title,year,type,authors,venue,links,tags,lang
manuscript-2026-towards-improved-normative-definitions-of-dampin,Towards improved normative definitions of damping in railway bridges: insights from the InBridge4EU European experimental database,2026,manuscript,"P.A. Montenegro, E. Laligant, F. Pimenta, A. Silva, O. Ahmed, C. Laurent, A. Andersson",Submitted to Engineering Structures,,,en
manuscript-2026-field-measurement-based-characterization-of-aero,Field measurement-based characterization of aerodynamic excitation and dynamic response of railway noise barriers,2026,manuscript,"Liu, D., Wang, C., Gonzalez-Libreros, J., Andersson, A., Elfgren, L., Sas, G.",Submitted to Measurements,,,en
report_kth-2025-ravsnas-bilaga-dynamiska-analyser,"Rävsnäs, bilaga dynamiska analyser",2025,report_kth,"Andersson, A.","Reports, Trafikverket",karta|http://www.google.com/maps/place/57%C2%B019'33.4%22N+12%C2%B010'07.0%22E;download|https://kth-my.sharepoint.com/:b:/g/personal/adde_ug_kth_se/IQC2RhQYbPhRSKgaPPyqhbxHAUeI2-TGUJQx6sni3N9RNrA?e=ewmB5h,,mixed
report_kth-2025-pm-oversiktlig-dynamisk-kontroll-av-jarnvagsbro-,PM: Översiktlig dynamisk kontroll av järnvägsbro över Åksjöbäcken ( OLE4200,2025,report_kth,"Andersson, A.","Reports, Trafikverket","OLE4200|https://www.google.com/maps/place/58%C2%B042'48.5%22N+16%C2%B021'51.7%22E/@58.734498,16.2947243,12.87z;download|https://kth-my.sharepoint.com/:b:/g/personal/adde_ug_kth_se/IQDhn-FBMr0kQb04p3vPQJRaAaJLp_ueSWmaZS3LuqSytdk?e=aUvQ1v",,mixed
report_kth-2025-dynamisk-kontroll-ovre-bredsand-3500-2507-1,"Dynamisk kontroll, Övre bredsand ( 3500-2507-1",2025,report_kth,"Andersson, A.","Reports, Trafikverket",3500-2507-1|https://www.google.com/maps/place/62%C2%B020'51.1%22N+17%C2%B021'39.9%22E;download|https://kth-my.sharepoint.com/:b:/g/personal/adde_ug_kth_se/IQDv8Cv5XkGNTKHrPuB7EeD8AeXJWyEAnY_v4v2TQoeuu_Q?e=wMNZhA,,mixed
report_kth-2025-dynamic-analysis-of-the-noise-barrier-at-norrvik,Dynamic analysis of the noise barrier at Norrviken station,2025,report_kth,"Andersson, A.","Reports, Trafikverket",download|https://kth-my.sharepoint.com/:b:/g/personal/adde_ug_kth_se/IQAGcdK2iUGqT4D1z0hUFZLJAQAQ3nPp6EOOrSSQLed83Po?e=aGDJFN,,en
manuscript-2025-short-term-field-study-on-aerodynamic-pressure-a,Short-term field study on aerodynamic pressure and dynamic responses of railway wooden noise barriers,2025,manuscript,"Liu, D., Wang, C., Gonzalez-Libreros, J., Andersson, A., Elfgren, L., Sas, G.",Submitted to Journal of Sound and Vibration,,,en
journal-2025-machine-learning-driven-investigation-of-environ,Machine learning-driven investigation of environmental effects on dynamic behaviour of railway noise barriers based on long-term field test,2025,journal,"Liu, D., Wang, C., Gonzalez-Libreros, J., Andersson, A., Elfgren, L., Sas, G.",Engineering Structures,doi|https://doi.org/10.1016/j.engstruct.2025.121812,,en
journal-2025-dynamic-behavior-of-steel-post-wood-panel-railwa,Dynamic behavior of steel post/wood panel railway noise barriers under aerodynamic loads induced by high-speed trains,2025,journal,"Liu, D., Wang, C., Gonzalez-Libreros, J., Andersson, A., Elfgren, L., Sas, G.",Railway Engineering Science,doi|https://doi.org/10.1007/s40534-025-00377-5,,en
conference-2025-probabilistic-analysis-of-soil-structure-interac,"Probabilistic Analysis of Soil-Structure Interaction in a Single-Span Railway Bridge Using the Error-Domain Model Falsification Method. EVACES 2025 , 2-4 July, Porto, Portugal. SS18-1",2025,conference,"Hosseini Tehrani, S.A., Bayane, I., Andersson, A., Zangeneh Kamali, A., Battini, J.M.",", 2-4 July, Porto, Portugal.",EVACES 2025|https://www.fe.up.pt/evaces2025/;SS18-1|https://fe.up.pt/evaces2025/conference/programme/?dia=2025-07-04&room=b002&sessao=78;download|https://fe.up.pt/evaces2025/ficheiros/papers_finais/SS18_paper_1305.pdf,,en
report_kth-2024-teknisk-systemstandard-for-hoghastighetsbanor-bi,"Teknisk systemstandard för höghastighetsbanor, bilaga: delprojekt järnvägsbroar, TRV 2021/58875",2024,report_kth,"Andersson, A.","Reports, Trafikverket",download|https://people.kth.se/~adde/misc/Banverket/TRV240530_TSK_NS_slutrapport_bro.pdf,,mixed
report_kth-2024-pm-oversiktlig-barighet-av-stenvalvsbro-vid-gall,PM: Översiktlig bärighet av stenvalvsbro vid Gallån ( 3500-2774-1,2024,report_kth,"Andersson, A.","Reports, Trafikverket",3500-2774-1|http://www.google.com/maps/place/56%C2%B011'18.2%22N+14%C2%B042'20.9%22E;download|https://people.kth.se/~adde/misc/Banverket/TRV241022_Valvbro_Gallan.pdf,,mixed
report_kth-2024-pm-dynamisk-kontroll-av-en-fritt-upplagd-stalbro,PM: Dynamisk kontroll av en fritt upplagd stålbro,2024,report_kth,"Andersson, A.","Reports, Trafikverket",download|https://people.kth.se/~adde/misc/Banverket/TRV240511_dynamik_stalbro.pdf,,mixed
report_kth-2024-pm-bro-over-hatunaviken-sammanstallning-av-matni,"PM: Bro över Håtunaviken, sammanställning av mätningar från platsbesök 2024-12-10 ( 100-730-1",2024,report_kth,"Andersson, A.","Reports, Trafikverket",100-730-1|http://www.google.se/maps/place/59%C2%B038'26.1%22N+17%C2%B036'35.2%22E/;download|https://kth-my.sharepoint.com/:b:/g/personal/adde_ug_kth_se/IQDXnQ8lyOcaRYLdFk-a3ABPAeYlwOBSR34Edzv6kqKInxo?e=oZBmB2,,mixed
report_kth-2024-noise-barrier-at-norrviken-dynamic-tests-with-an,"Noise barrier at Norrviken, dynamic tests with an impact hammer",2024,report_kth,"Andersson, A.","Reports, Trafikverket",download|https://people.kth.se/~adde/misc/KTH2/2024_Norrviken.pdf,,en
journal-2024-surrogate-assisted-investigation-on-influence-of,Surrogate-Assisted Investigation on Influence of epistemic Uncertainty on Running Safety of High-Speed Railway Bridges,2024,journal,"Allahvirdizadeh, R., Andersson, A., Karoumi, R.",Probabilistic Engineering Mechanics,doi|https://doi.org/10.1016/j.probengmech.2023.103559,,en
journal-2024-simplified-soil-structure-interaction-modeling-t,Simplified soil-structure interaction modeling techniques for the dynamic assessment of end shield bridges,2024,journal,"Hosseini Tehrani, S.A., Andersson, A., Zangeneh, A., Battini, J-M.",Engineering Structures (319).,doi|https://doi.org/10.1016/j.engstruct.2024.118803,,en
journal-2024-reliability-assessment-of-running-safety-criteri,Reliability assessment of running safety criteria of railway bridges considering soil-structure interaction effects using ensemble of classification-based surrogate models,2024,journal,"Allahvirdizadeh, R., Andersson, A., Karoumi, R.",International Journal of Rail Transportation,doi|https://doi.org/10.1080/23248378.2024.2363909,,en
journal-2024-probabilistic-dynamic-design-curves-optimized-fo,Probabilistic dynamic design curves optimized for high-speed reinforced concrete railway bridges using first order reliability method,2024,journal,"Allahvirdizadeh, R., Andersson, A., Karoumi, R.",International Journal of Structural Stability and Dynamics 2540012.,doi|https://doi.org/10.1142/S0219455425400127,,en
journal-2024-partial-safety-factor-calibration-using-surrogat,Partial safety factor calibration using surrogate models: An application for running safety of ballasted high-speed railway bridges,2024,journal,"Allahvirdizadeh, R., Andersson, A., Karoumi, R.","Probabilistic Engineering Mechanics (75), 103569",doi|https://doi.org/10.1016/j.probengmech.2023.103569,,en
journal-2024-dynamic-soil-structure-interaction-of-a-three-sp,Dynamic soil-structure interaction of a three-span railway bridge subject to high-speed train passage,2024,journal,"Hosseini Tehrani, S.A., Andersson, A., Zangeneh, A., Battini, J-M.","Engineering Structures, (301), 117296",doi|https://doi.org/10.1016/j.engstruct.2023.117296,,en
journal-2024-critical-analysis-of-the-current-eurocode-deck-a,Critical Analysis of the Current Eurocode Deck Acceleration Limit for Evaluating Running Safety in Ballastless Railway Bridges,2024,journal,"Ferreira, G., Montenegro, P.A., Andersson, A., Henriques, A.A., Karoumi, R., Calçada, R.","Engineering Structures (312), 118127",doi|https://doi.org/10.1016/j.engstruct.2024.118127,,en
conference-2024-dem-analysis-of-lateral-sleeper-resistance-effec,"DEM analysis of lateral sleeper resistance effect of sleeper-ballast interaction and aggregate friction. Railways 2024 , 1-5 Sept 2024, Prague, Czech Republic",2024,conference,"Shi, C., Andersson, A., Xu, L.","1-5 Sept 2024, Prague, Czech Republic.",Railways 2024|http://dx.doi.org/10.4203/ccc.7;doi|http://dx.doi.org/10.4203/ccc.7.24.4,,en
chapter-2024-digital-railway-infrastructure-editors-riberio-d,"Digital Railway Infrastructure, Editors: Riberio, D., Montenegro, P.A., Andersson, A., Martínez-Rodrigo, M.D",2024,chapter,Springer,"Editors: Riberio, D., Montenegro, P.A., Andersson, A., Martínez-Rodrigo, M.D",link|https://link.springer.com/book/9783031495885,,en
report_kth-2023-pm-dynamisk-kontroll-av-gc-bro-over-vanan-i-vans,PM: Dynamisk kontroll av GC-bro över Vanån i Vansbro (knr 20-1291-1,2023,report_kth,"Andersson, A.","Reports, Trafikverket",download|https://people.kth.se/~adde/misc/Banverket/TRV230926_dynamisk_kontroll_Van%C3%A5n.pdf,,mixed
report_kth-2023-pm-dynamisk-kontroll-av-en-fackverksbro,PM: Dynamisk kontroll av en fackverksbro,2023,report_kth,"Andersson, A.","Reports, Trafikverket",download|https://people.kth.se/~adde/misc/Banverket/TRV230829_dynamik_fackverk.pdf,,mixed
report_kth-2023-long-term-monitoring-of-a-railway-bridge-book-ch,"Long-term monitoring of a railway bridge, book chapter for In2Track3",2023,report_kth,"Andersson, A., Karoumi, R.","Reports, KTH",download|https://people.kth.se/~adde/misc/KTH2/2023_In2Track3_Book.pdf,,en
report_kth-2023-high-speed-low-cost-bridges-in2track3-s2r-cfm-ip,"High speed low cost bridges, In2Track3 S2R-CFM-IP3-01-2020, report D5.6 , appendix , deliverables",2023,report_kth,"Andersson, A., Allahvirdizadeh, R., Albright, A., Montenegro, P., Ferreira, G., Peixer, M., Museros, P.","Reports, KTH",report D5.6|https://people.kth.se/~adde/misc/KTH2/2023_I2T3_D56_Main.pdf;appendix|https://people.kth.se/~adde/misc/KTH2/2023_I2T3_D56_Appedix_Task5_6.pdf;deliverables|https://projects.shift2rail.org/s2r_ip3_n.aspx?p=IN2TRACK3,,en
report_kth-2023-dynamic-analysis-of-simply-supported-slab-bridge,Dynamic analysis of simply supported slab bridges,2023,report_kth,"Andersson, A.","Reports, Trafikverket",download|https://people.kth.se/~adde/misc/KTH2/2023_dynamic_slab_bridges.pdf,,en
report_kth-2023-dynamic-analysis-of-a-three-span-bridge,Dynamic analysis of a three-span bridge,2023,report_kth,"Andersson, A.","Reports, Trafikverket",download|https://people.kth.se/~adde/misc/Banverket/TRV231220_dynamic_analysis_three_span_bridge.pdf,,en
report_kth-2023-dynamic-analysis-of-a-portal-frame-bridge-3500-4,Dynamic analysis of a portal frame bridge ( 3500-4474-1 and 3500-5057-1,2023,report_kth,"Andersson, A.","Reports, Trafikverket",3500-4474-1|https://www.google.com/maps/place/59%C2%B038'19.0%22N+17%C2%B008'32.8%22E/;3500-5057-1|https://www.google.com/maps/place/59%C2%B037'56.5%22N+17%C2%B012'06.1%22E;download|https://people.kth.se/~adde/misc/Banverket/TRV231214_dynamic_analysis_portal_frame.pdf,,en
report_kth-2023-bjornnasvagen-results-from-experimental-testing,"Björnnäsvägen, results from experimental testing",2023,report_kth,"Andersson, A.","Reports, KTH",download|https://people.kth.se/~adde/misc/KTH2/2023_Bjornnasvagen.pdf,,mixed
manuscript-2023-two-equivalent-single-degree-of-freedom-models-o,Two equivalent single degree of freedom models of the coupled multiple modulated pedestrian-bridge system to consider the human-structure interaction effect,2023,manuscript,"Colmenares, D., Andersson, A., Karoumi, R.",Submitted to Structures,link|https://urn.kb.se/resolve?urn=urn:nbn:se:kth:diva-338427,,en
manuscript-2023-three-dimensional-dem-based-ballasted-track-and-,Three-dimensional DEM-based ballasted track and high-speed rail vehicle interaction: model construction and macro-meso dynamic analysis,2023,manuscript,"Shi, C., Ren, W-X., Zhao, C., Andersson, A., Xin, L.",Manuscript,,,en
manuscript-2023-on-the-quantification-of-the-human-structure-int,On the quantification of the human-structure interaction effect under a random vibration framework,2023,manuscript,"Colmenares, D., Øiseth, O., Andersson, A., Karoumi, R., Rønnquist, A.",Manuscript,link|https://urn.kb.se/resolve?urn=urn:nbn:se:kth:diva-338428,,en
manuscript-2023-computationally-enhanced-gaussian-process-regres,Computationally Enhanced Gaussian Process Regression for Active Learning Scheme,2023,manuscript,"Allahvirdizadeh, R., Andersson, A., Karoumi, R.",Manuscript,,,en
journal-2023-new-contributions-for-damping-assessment-on-fill,New contributions for damping assessment on filler-beam railway bridges framed on In2Track EU projects,2023,journal,"Silva, A., Riberio, D., Montenegro, P., Ferreira, G., Andersson, A., Zangeneh, A., Karoumi, R., Calçada, R.","Transportation and Future Mobility, MDPI",doi|https://doi.org/10.3390/app13042636,,en
journal-2023-improved-dynamic-design-method-of-ballasted-high,Improved dynamic design method of ballasted high-speed railway bridges using surrogate-assisted reliability-based design optimization of dependent variables,2023,journal,"Allahvirdizadeh, R., Andersson, A., Karoumi, R.",Reliability Engineering & System Safety,doi|https://doi.org/10.1016/j.ress.2023.109406;download|http://urn.kb.se/resolve?urn=urn:nbn:se:kth:diva-301291,,en
journal-2023-dynamic-soil-structure-interaction-of-a-single-s,"Dynamic soil-structure interaction of a single-span railway bridge, forced vibration testing and simulation",2023,journal,"Albright, A., Battini, J-M., Andersson, A.",Structure and Infrastructure Engineering,doi|https://doi.org/10.1080/15732479.2023.2184395,,en
journal-2023-an-analytical-solution-of-the-maximum-response-o,An analytical solution of the maximum response of the coupled multiple parallel modulated pedestrian-bridge system,2023,journal,"Colmenares, D., Andersson, A., Karoumi, R.",Structures,doi|https://doi.org/10.1016/j.istruc.2023.105160,,en
conference-2023-dynamic-soil-structure-interaction-of-a-continuo,"Dynamic soil-structure interaction of a continuous railway bridge. Eurodyn 2023 , Delft, the Netherlands, 2-5 July 2023",2023,conference,"Hosseini Tehrani, S.A., Andersson, A., Zangeneh, A., Battini, J-M.","Eurodyn 2023 | , Delft, the Netherlands, 2-5 July 2023.",Eurodyn 2023|https://eurodyn2023.dryfta.com/;download|http://urn.kb.se/resolve?urn=urn:nbn:se:kth:diva-343983;doi|https://iopscience.iop.org/article/10.1088/1742-6596/2647/10/102007,,en
conference-2023-applicability-of-meta-model-assisted-reliability,Applicability of meta-model assisted reliability assessment for dynamic problems: a comparison between regression-based methods. 14th International Conference on Applications of Statistics and Probability in Civil Engineering ( ICASP14 ),2023,conference,"Allahvirdizadeh, R., Andersson, A., Karoumi, R.",14th International Conference on Applications of Statistics and Probability in Civil Engineering ( | ICASP14 | ).,ICASP14|https://icasp14.com/;doi|http://hdl.handle.net/2262/103292;download|https://urn.kb.se/resolve?urn=urn:nbn:se:kth:diva-337404,,en
conference-2023-a-framework-recommendation-for-updating-running-,"A framework recommendation for updating running safety design criteria of non-ballasted railway bridges using statistical investigations. Eurodyn 2023 , Delft, the Netherlands, 2-5 July 2023",2023,conference,"Allahvirdizadeh, R., Andersson, A., Karoumi, R.","Eurodyn 2023 | , Delft, the Netherlands, 2-5 July 2023.",Eurodyn 2023|https://eurodyn2023.dryfta.com/;download|http://kth.diva-portal.org/smash/record.jsf?dswid=3396&pid=diva2:1802795;doi|https://iopscience.iop.org/article/10.1088/1742-6596/2647/10/102008/,,en
report_kth-2022-vibroplate-compaction-tests-summary-of-dynamic-m,"Vibroplate compaction tests, summary of dynamic measurements",2022,report_kth,"Andersson, A., Theland, F.","Reports, KTH",download|https://people.kth.se/~adde/misc/KTH2/2022_HVP_soildynamics.pdf,,mixed
report_kth-2022-pm-utmattning-av-vindlast-med-delskadeberakning,PM: Utmattning av vindlast med delskadeberäkning,2022,report_kth,"Andersson, A.","Reports, Trafikverket",download|https://people.kth.se/~adde/misc/Banverket/TRV220506_utmattning_vindlast.pdf,,mixed
manuscript-2022-modelling-the-dynamic-behaviour-of-ballast-in-ra,Modelling the dynamic behaviour of ballast in railway tracks: shake table test,2022,manuscript,"de Frias Lopez, R., Andersson, A., Karoumi, R.",Manuscript,,,en
journal-2022-dynamic-behaviour-of-bridges-under-critical-conv,Dynamic behaviour of bridges under critical conventional and regular trains: review of some regulations included in EN 1991-2,2022,journal,"Museros, P, Andersson, A., Pinazo, B.","Journal of Rail and Rapid Transit, Part F.",train data|http://doi.org/10.17632/hdr6dd5xv2.3;doi|https://journals.sagepub.com/doi/10.1177/09544097241245150,,en
conference-2022-full-scale-tests-of-a-lightweight-footbridge-the,"Full-scale tests of a lightweight footbridge, The Folke Bernadotte Bridge, SEMC 2022 , Cape Town, South Africa, 5-7 September 2022",2022,conference,"Colmenares, D., Del Pozo, G., Costa, G., Karoumi, R., Andersson, A.","SEMC 2022 | , Cape Town, South Africa, 5-7 September 2022.",SEMC 2022|http://www.semc.uct.ac.za/;doi|http://dx.doi.org/10.1201/9781003348443-126;download|https://urn.kb.se/resolve?urn=urn:nbn:se:kth:diva-333481,,en
conference-2022-experimental-testing-of-a-railway-bridge-with-ne,"Experimental Testing of a Railway Bridge with Near Support Viscous Dampers. Int. Conf. on Computational & Experimental Engineering and Sciences, ICCES2022 , Dubai, 8-12 January 2022",2022,conference,"Andersson, A.","Int. Conf. on Computational & Experimental Engineering and Sciences, | ICCES2022 | , Dubai, 8-12 January 2022.",ICCES2022|https://link.springer.com/book/10.1007/978-3-031-02097-1;download|http://urn.kb.se/resolve?urn=urn:nbn:se:kth:diva-343979,,en
conference-2022-estimating-running-safety-factor-of-ballastless-,"Estimating Running Safety Factor of Ballastless Railway Bridges Using Tail Modelling. International Probabilistic Workshop, IPW2022 , Stellenbosch, South Africa, 8-9 September 2022",2022,conference,"Allahvirdizadeh, R., Andersson, A., Karoumi, R.","International Probabilistic Workshop, | , Stellenbosch, South Africa, 8-9 September 2022.",IPW2022|https://ipw2022.sun.ac.za/;doi|https://doi.org/10.14311/APP.2022.36.0025;download|https://urn.kb.se/resolve?urn=urn:nbn:se:kth:diva-329622,,en
report_kth-2021-high-speed-low-cost-bridges-background-report-d5,"High speed low cost bridges. Background report D5.2.5 for In2Track2, H2020-S2RJU-2018/H2020-S2RJU-CFM-2018, grant agreement 826255. download , deliverables",2021,report_kth,"Andersson, A., Allahvirdizadeh, R., Zangeneh, A., Silva, R., Ribeiro, D., Ferreira, G., Montenegro, P., Museros, P.","Reports, KTH",download|https://people.kth.se/~adde/misc/KTH2/2021_I2T2-D525-Appendix_Task5_5.pdf;deliverables|https://projects.shift2rail.org/s2r_ip3_n.aspx?p=IN2TRACK2,,en
report_kth-2021-damper-characteristics-validation-according-to-i,"Damper characteristics validation, according to IEEE 693-2018 Annex W",2021,report_kth,"Andersson, A.","Reports, KTH",download|https://people.kth.se/~adde/misc/KTH2/2021_DellnerDampers_labtest.pdf,,en
manuscript-2021-full-scale-test-of-the-dynamic-response-of-a-rai,Full-scale test of the dynamic response of a railway bridge retrofitted with fluid viscous dampers. Manuscript,2021,manuscript,"Tell, S., Andersson, A., Ülker-Kaustell, M., Karoumi, R.",Manuscript.,link|http://urn.kb.se/resolve?urn=urn:nbn:se:kth:diva-288492,,en
journal-2021-real-time-hybrid-testing-for-efficiency-assessme,Real-time hybrid testing for efficiency assessment of magnetorheological dampers to mitigate train-induced vibrations in bridges,2021,journal,"Tell, S., Andersson, A., Najafi, A., Spencer Jr. B.F., Karoumi, R.",Int. J. of Rail Transportation,doi|https://doi.org/10.1080/23248378.2021.1954560;download|http://urn.kb.se/resolve?urn=urn:nbn:se:kth:diva-288493,,en
journal-2021-closed-form-solution-for-continuous-beam-systems,Closed-form solution for continuous beam systems on elastic supports under moving harmonic loads,2021,journal,"Colmenares, D., Andersson, A., Karoumi, R.","Journal of Sound and Vibration, 116587",doi|https://doi.org/10.1016/j.jsv.2021.116587;download|http://urn.kb.se/resolve?urn=urn:nbn:se:kth:diva-290914,,en
conference-2021-train-track-bridge-interaction-to-allow-for-incr,"Train-track-bridge interaction to allow for increased axle loads on iron ore lines. 2 nd Int. Conference on Rail Transportation, ICRT 2021 , 5-6 July, Chengdu, China",2021,conference,"Andersson, A., Arvidsson, T.","2 nd Int. Conference on Rail Transportation, | ICRT 2021 | , 5-6 July, Chengdu, China,",ICRT 2021|https://doi.org/10.1061/9780784483886;download|http://urn.kb.se/resolve?urn=urn:nbn:se:kth:diva-343981,,en
conference-2021-surrogate-assisted-versus-subset-simulation-base,"Surrogate-assisted versus subset simulation-based stochastic comparison between running safety and passenger comfort design criteria of high-speed railway bridges. 31 st European Safety and Reliability Conference, ESREL 2021 , Angers, France, 19-23 September 2021",2021,conference,"Allahvirdizadeh, R., Andersson, A., Karoumi, R.","31 st European Safety and Reliability Conference, | ESREL 2021 | , Angers, France, 19-23 September 2021.",ESREL 2021|http://esrel2021.org/;link|http://urn.kb.se/resolve?urn=urn:nbn:se:kth:diva-301310,,mixed
conference-2021-pedestrian-bridge-evaluation-and-modelling-subje,"Pedestrian bridge evaluation and modelling subjected to running load cases, footbridge 2022 , Madrid, Spain, 7-9 September 2022",2021,conference,"Colmenares, D., Andersson, A., Karoumi, R.","footbridge 2022 | , Madrid, Spain, 7-9 September 2022.",footbridge 2022|https://footbridge2022.com/;doi|https://doi.org/10.24904/footbridge2022.112;download|http://urn.kb.se/resolve?urn=urn:nbn:se:kth:diva-290915,,en
conference-2021-full-scale-forced-vibration-tests-of-a-railway-b,"Full-scale forced vibration tests of a railway bridge. Int. Conf. on Computational & Experimental Engineering and Sciences, ICCES2021 , Phuket, Thailand, January 6-10, 2021",2021,conference,"Andersson, A.","Int. Conf. on Computational & Experimental Engineering and Sciences, | ICCES2021 | , Phuket, Thailand, January 6-10, 2021.",ICCES2021|http://www.iccesconf.org/s25-railway-infrastructures/;doi|https://doi.org/10.1007/978-3-030-64690-5_21,,en
conference-2021-ensemble-meta-models-for-running-safety-assessme,"Ensemble Meta-Models for Running Safety Assessment of High-Speed Railway Bridges Considering Soil-Structure Interaction Effects. 13 th Int. Conf. on Structural Safety and Reliability, ICOSSAR 2021 , Shanghai, China, June 21-25, 2022",2021,conference,"Allahvirdizadeh, R., Andersson, A., Karoumi, R.","13 th Int. Conf. on Structural Safety and Reliability, | ICOSSAR 2021 | , Shanghai, China, June 21-25, 2022.",ICOSSAR 2021|http://www.icossar2021.org/;link|http://urn.kb.se/resolve?urn=urn:nbn:se:kth:diva-301312,,en
report_trita-2020-dynamic-behaviour-of-soil-steel-composite-bridge,Dynamic behaviour of soil-steel composite bridges for high-speed railways,2020,report_trita,"Andersson, A.",KTH/BKN/RPT-208-SE,KTH/BKN/RPT-208-SE|http://urn.kb.se/resolve?urn=urn:nbn:se:kth:diva-280689,,en
report_kth-2020-load-distribution-on-railway-slab-bridges,Load distribution on railway slab bridges,2020,report_kth,"Andersson, A.","Reports, KTH",download|https://people.kth.se/~adde/misc/KTH2/2020_LoadDist_SlabBridges.pdf,,en
report_kth-2020-experimental-tests-of-viscous-dampers,Experimental tests of viscous dampers,2020,report_kth,"Andersson, A.","Reports, KTH",download|https://people.kth.se/~adde/misc/KTH2/AA200919_Report_labtests.pdf,,en
report_kth-2020-dynamic-analysis-of-load-effects-for-railway-bri,Dynamic analysis of load effects for railway bridges on Malmbanan. TRV publ. 2020:138,2020,report_kth,"Andersson, A., Arvidsson, T.","Reports, Trafikverket",download|http://urn.kb.se/resolve?urn=urn:nbn:se:trafikverket:diva-4343,,en
report_kth-2020-bryngean-retrofitting-with-viscous-dampers,"Bryngeån, retrofitting with viscous dampers",2020,report_kth,"Andersson, A.","Reports, KTH",download|https://people.kth.se/~adde/misc/KTH2/AA200305_Brynge_dampers.pdf,,mixed
journal-2020-the-influence-of-model-assumptions-on-the-dynami,The influence of model assumptions on the dynamic impedance functions of shallow foundations,2020,journal,"Lind Östlund, J., Andersson, A., Ülker-Kaustell, M, Battini, J-M.","Int. Journal of Civil Engineering, 18(11), 1315-1326",doi|https://doi.org/10.1007/s40999-020-00526-3;download|http://urn.kb.se/resolve?urn=urn:nbn:se:kth:diva-279123,,mixed
journal-2020-resonance-and-cancellation-phenomena-in-two-span,Resonance and cancellation phenomena in two-span continuous beams and its application to railway bridges,2020,journal,"Martínez-Rodrigo, M.D., Andersson, A., Pacoste, C., Karoumi, R.",Engineering Structures 222 (1).,doi|https://doi.org/10.1016/j.engstruct.2020.111103;download|http://urn.kb.se/resolve?urn=urn:nbn:se:kth:diva-278752,,en
journal-2020-probability-based-evaluation-of-the-effect-of-fl,Probability-based evaluation of the effect of fluid viscous dampers on a high-speed railway bridge,2020,journal,"Tell, S., Leander, J., Andersson, A., Ülker-Kaustell, M.",Structure and Infrastructure Engineering,doi|https://doi.org/10.1080/15732479.2020.1832537;download|http://urn.kb.se/resolve?urn=urn:nbn:se:kth:diva-205659,,en
journal-2020-on-the-influence-of-shallow-soil-strata-on-the-d,On the influence of shallow soil strata on the dynamic soil–structure interaction of simply supported high-speed railway bridges,2020,journal,"Lind Östlund, J., Andersson, A., Ülker-Kaustell, M, Battini, J-M.","Int. J. of Rail Transportation, pp. 405-423, 2020",doi|https://doi.org/10.1080/23248378.2020.1817804;download|http://urn.kb.se/resolve?urn=urn:nbn:se:kth:diva-279125,,mixed
journal-2020-dynamic-behaviour-of-bridges-under-critical-arti,Dynamic behaviour of bridges under critical articulated trains: Signature and bogie factor applied to the review of some regulations included in EN 1991-2,2020,journal,"Museros, P., Andersson, A., Martí, V., Karoumi, R.","Journal of Rail and Rapid Transit, pp. 1-21, 2020",doi|https://doi.org/10.1177/0954409720956476;download|http://urn.kb.se/resolve?urn=urn:nbn:se:kth:diva-280688,,en
conference-2020-the-effect-of-model-assumptions-on-the-dynamic-i,"The effect of model assumptions on the dynamic impedance functions of a shallow foundation. Eurodyn 2020 , Athens, Greece, 23-25 November 2020",2020,conference,"Lind Östlund, J., Andersson, A., Ülker-Kaustell, M, Battini, J-M.","Eurodyn 2020 | , Athens, Greece, 23-25 November 2020.",Eurodyn 2020|https://eurodyn2020.org/;doi|https://doi.org/10.47964/1120.9235.19373,,mixed
conference-2020-reliability-assessment-of-the-dynamic-behaviour-,"Reliability Assessment of the Dynamic Behaviour of High-Speed Railway Bridges Using FORM, Eurodyn 2020 , Athens, Greece, 23-25 November 2020",2020,conference,"Allahvirdizadeh, R., Andersson, A., Karoumi, R","Eurodyn 2020 | , Athens, Greece, 23-25 November 2020.",Eurodyn 2020|https://eurodyn2020.org/;doi|https://doi.org/10.47964/1120.9282.18654,,en
conference-2020-dynamic-soil-structure-interaction-in-resonant-r,"Dynamic soil-structure interaction in resonant railway bridges with integral abutments. Eurodyn 2020 , Athens, Greece, 23-25 November 2020",2020,conference,"Zangeneh, A., Andersson, A., Pacoste, C., Karoumi, R.","Eurodyn 2020 | , Athens, Greece, 23-25 November 2020.",Eurodyn 2020|https://eurodyn2020.org/;doi|https://doi.org/10.47964/1120.9131.18801,,en
conference-2020-dynamic-response-of-corrugated-steel-culverts-fo,"Dynamic response of corrugated steel culverts for railway lines. Eurodyn 2020 , Athens, Greece, 23-25 November 2020",2020,conference,"Andersson, A., Karoumi R.","Eurodyn 2020 | , Athens, Greece, 23-25 November 2020.",Eurodyn 2020|https://eurodyn2020.org/;doi|https://doi.org/10.47964/1120.9130.18747,,en
conference-2020-dynamic-effect-of-trains-with-articulated-coache,"Dynamic effect of trains with articulated coaches and Jacobs bogies with integer wheelbase ratios. Eurodyn 2020 , Athens, Greece, 23-25 November 2020",2020,conference,"Museros, P., Andersson, A., Karoumi R.","Eurodyn 2020 | , Athens, Greece, 23-25 November 2020.",Eurodyn 2020|https://eurodyn2020.org/;doi|https://doi.org/10.47964/1120.9217.20270,,en
conference-2020-closed-formed-solution-of-pedestrian-induced-loa,"Closed-formed solution of pedestrian-induced loads for clamped-clamped bridges, Eurodyn 2020 , Athens, Greece, 23-25 November 2020",2020,conference,"Colmenares, D., Andersson, A., Karoumi, R.","Eurodyn 2020 | , Athens, Greece, 23-25 November 2020.",Eurodyn 2020|https://eurodyn2020.org/;doi|https://doi.org/10.47964/1120.9141.18902,,en
chapter-2020-improved-dynamic-resilience-of-railway-bridges-u,"Improved dynamic resilience of railway bridges using external dampers. Chapter in ""Best-Practices Handbook on Rail Infrastructure Resilience"", Elsevier. Editors R. Calçada and S. Kaewunruen",2020,chapter,"Tell, S., Andersson, A., Karoumi, R.",Book Chapters,link|https://www.elsevier.com/books/rail-infrastructure-resilience/calcada/978-0-12-821042-0,,en
report_trita-2019-real-time-hybrid-simulation-of-the-response-of-h,Real-time hybrid simulation of the response of high-speed railway bridges with magnetorheological dampers,2019,report_trita,"Tell, S., Andersson, A.",KTH/BKN/RPT-1840-SE.,,,en
report_trita-2019-dynamic-analysis-of-simply-supported-slab-bridge,Dynamic analysis of simply supported slab bridges,2019,report_trita,"Andersson, A.",KTH/BKN/RPT-1922-SE .,KTH/BKN/RPT-1922-SE|http://urn.kb.se/resolve?urn=urn:nbn:se:kth:diva-262903,,en
journal-2019-analysis-on-dynamic-performance-of-different-tra,"Analysis on dynamic performance of different track transition forms based on the combined discrete element/finite difference method. Computers & Structures 230, pp. 1-11",2019,journal,"Shi, C., Zhao, C., Zhang, X, Andersson, A.","Computers & Structures 230, pp. 1-11.",doi|https://doi.org/10.1016/j.compstruc.2019.106187;download|http://urn.kb.se/resolve?urn=urn:nbn:se:kth:diva-266807,,en
conference-2019-real-time-hybrid-simulation-of-a-bridge-damper-s,"Real-time hybrid simulation of a bridge-damper system. SEMC2019 , Cape Town, South Africa, 2-4 September 2019",2019,conference,"Tell S., Andersson, A., Karoumi R., Najafi, A., Spencer Jr B.F.","SEMC2019 | Cape Town, South Africa, 2-4 September 2019.",SEMC2019|http://www.semc.uct.ac.za/;download|http://urn.kb.se/resolve?urn=urn:nbn:se:kth:diva-263159,,en
report_trita-2018-simplified-approach-to-dynamic-analysis-of-railw,Simplified approach to dynamic analysis of railway bridges for high-speed trains,2018,report_trita,"Andersson, A.",KTH/BKN/RPT-1837-SE .,KTH/BKN/RPT-1837-SE|http://urn.kb.se/resolve?urn=urn:nbn:se:kth:diva-240578,,en
report_kth-2018-railway-bridge-dynamics-experimental-testing-wit,"Railway bridge dynamics, experimental testing with a novel hydraulic exciter. Part of final report for In2Track",2018,report_kth,"Andersson, A.","Reports, KTH",download|https://people.kth.se/~adde/misc/KTH2/AA180703_In2Track1.pdf,,en
report_kth-2018-forenklad-dynamisk-analys-av-rorbro-vid-vattjom,Förenklad dynamisk analys av rörbro vid Vattjom,2018,report_kth,"Andersson, A.","Reports, Trafikverket",download|https://people.kth.se/~adde/misc/Banverket/TrV180115_Vattjom.pdf,,mixed
report_kth-2018-dynamisk-analys-av-gc-broar,Dynamisk analys av GC-broar,2018,report_kth,"Andersson, A.","Reports, Trafikverket",download|https://people.kth.se/~adde/misc/Banverket/TRV180509_GCbroDynamik.pdf,,mixed
manuscript-2018-model-updating-of-a-railway-bridge-using-frequen,Model updating of a Railway Bridge Using Frequency Response Functions and a Reduced Order of Model. Manuscript,2018,manuscript,"Svedholm C., Zangeneh A., Andersson, A., Pacoste C.",Manuscript.,link|http://urn.kb.se/resolve?urn=urn:nbn:se:kth:diva-201646,,en
journal-2018-train-running-safety-on-non-ballasted-bridges-in,"Train running safety on non-ballasted bridges. Int. J. of Rail Transportation 7(1), pp. 1-22",2018,journal,"Arvidsson, T., Andersson, A., Karoumi, R.","Int. J. of Rail Transportation 7(1), pp. 1-22.",doi|https://doi.org/10.1080/23248378.2018.1503975;download|http://urn.kb.se/resolve?urn=urn:nbn:se:kth:diva-225112,,en
journal-2018-identification-of-soil-structure-interaction-eff,Identification of soil-structure interaction effect in a portal frame railway bridge through full-scale dynamic testing,2018,journal,"Zangeneh A., Svedholm C., Andersson, A., Pacoste C., Karoumi, R.","Engineering Structures 159, pp. 299-309",doi|https://doi.org/10.1016/j.engstruct.2018.01.014;download|http://urn.kb.se/resolve?urn=urn:nbn:se:kth:diva-223776,,en
conference-2018-train-track-bridge-interaction-for-non-ballasted,"Train-Track-Bridge Interaction for non-ballasted Railway Bridges on High-Speed Lines. Railways 2018 , Sitges, Barcelona, Spain, September 3-7, 2018",2018,conference,"Andersson, A., Arvidsson, T.","Railways 2018 | Sitges, Barcelona, Spain, September 3-7, 2018.",Railways 2018|http://www.railwaysconference.com/;download|http://urn.kb.se/resolve?urn=urn:nbn:se:kth:diva-263164,,en
conference-2018-multi-objective-design-optimisation-of-transitio,"Multi-objective design optimisation of transition zones between different railway track forms. 11 th Int. Conf. on Contact Mechanics and Wear and Rail/Wheel Systems, CM2018 , Delft, Netherlands, September 24-27, 2018",2018,conference,"Aggestam, E., Nielsen, J., Andersson, A., Li, M.X.D.","11 th Int. Conf. on Contact Mechanics and Wear and Rail/Wheel Systems, | CM2018 | Delft, Netherlands, September 24-27, 2018.",CM2018|https://cm2018.org/;download|http://urn.kb.se/resolve?urn=urn:nbn:se:kth:diva-241879,,en
report_trita-2017-train-track-bridge-interaction-for-non-ballasted,Train-Track-Bridge Interaction for non-ballasted Railway Bridges on High-Speed Lines,2017,report_trita,"Arvidsson, T., Andersson, A.",KTH/BKN/R-165-SE .,KTH/BKN/R-165-SE|http://urn.kb.se/resolve?urn=urn:nbn:se:kth:diva-228374,,en
report_trita-2017-soil-structure-interaction-for-foundations-on-hi,Soil-Structure Interaction for foundations on High-Speed Railway Bridges,2017,report_trita,"Lind Östlund, J., Andersson, A., Ülker-Kaustell, M., Battini, J.M.",KTH/BKN/R-166-SE .,KTH/BKN/R-166-SE|http://urn.kb.se/resolve?urn=urn:nbn:se:kth:diva-230757,,mixed
report_kth-2017-structural-behavior-of-ballastless-track-ballast,Structural behavior of ballastless track – ballast mat interaction. Commissioned by RockDelta® for the Follo Line project,2017,report_kth,"Andersson, A.","Reports, KTH",download|https://people.kth.se/~adde/misc/KTH2/AA170828_FolloLine.pdf,,en
report_kth-2017-railway-viaduct-pi024-analysis-of-experimental-d,"Railway viaduct PI024, analysis of experimental data, model updating and dynamic simulations. Capacity4Rail, Report D12.3, Chapter 6.4",2017,report_kth,"Andersson, A.","Reports, KTH",download|https://people.kth.se/~adde/misc/KTH2/AA170318_C4R_ch64.pdf,,en
report_kth-2017-pm-dynamisk-respons-av-rorbroar-fran-hoghastighe,PM Dynamisk respons av rörbroar från höghastighetståg,2017,report_kth,"Andersson, A.","Reports, Trafikverket",download|https://people.kth.se/~adde/misc/Banverket/TRV170219_rorbroar.pdf,,mixed
report_kth-2017-pm-bro-over-stora-helvetet-samverkan-spar-bro,"PM Bro över Stora Helvetet, samverkan spår-bro",2017,report_kth,"Andersson, A.","Reports, Trafikverket",download|https://people.kth.se/~adde/misc/Banverket/TrV171105_Stora_Helvetet.pdf,,mixed
journal-2017-application-of-fluid-viscous-dampers-to-mitigate,"Application of fluid viscous dampers to mitigate vibrations of high-speed railway bridges. Int. J. of Rail Transportation 5(1), pp. 47-62",2017,journal,"Rådeström, S., Ülker-Kaustell, M., Andersson, A., Tell, V., Karoumi, R.","Int. J. of Rail Transportation 5(1), pp. 47-62.",doi|https://doi.org/10.1080/23248378.2016.1209444;download|http://urn.kb.se/resolve?urn=urn:nbn:se:kth:diva-205653,,mixed
conference-2017-the-effect-of-runners-on-footbridges-a-case-stud,"The effect of runners on footbridges – a case study. Footbridge 2017 , Berlin, Germany, September 6-9, 2017",2017,conference,"Zäll, E., Garmendia Purroy, J., Andersson, A., Ülker-Kaustell, M.","Footbridge 2017 | Berlin, Germany, September 6-9, 2017",Footbridge 2017|https://www.footbridge2017.com/;doi|https://doi.org/10.24904/footbridge2017.09186;download|http://urn.kb.se/resolve?urn=urn:nbn:se:kth:diva-343980,,mixed
conference-2017-influence-of-sleeper-passing-frequency-on-short-,"Influence of Sleeper Passing Frequency on Short Span Bridges: Validation against Measured Results. 1 st Int. Conf. on Rail Transportation, Chengdu, China, July 10-12, 2017",2017,conference,"Arvidsson, T., Zangeneh, A., Andersson, A.","1 st Int. Conf. on Rail Transportation, Chengdu, China, July 10-12, 2017.",download|http://urn.kb.se/resolve?urn=urn:nbn:se:kth:diva-221628,,en
conference-2017-full-scale-dynamic-testing-of-a-railway-bridge-u,"Full-scale dynamic testing of a railway bridge using a hydraulic exciter. EVACES 2017 , San Diego, United States, July 12-14, 2017",2017,conference,"Andersson, A., Östlund, J., Ülker-Kaustell, M., Battini, J-M., Karoumi, R.","EVACES 2017 | San Diego, United States, July 12-14, 2017",EVACES 2017|http://evaces2017.ucsd.edu/;doi|https://doi.org/10.1007/978-3-319-67443-8_30,,mixed
conference-2017-dynamic-stiffness-identification-of-portal-frame,"Dynamic Stiffness Identification of Portal Frame Bridge-Soil System using Controlled Dynamic Testing. Eurodyn 2017 , Rome, Italy, September 10-13, 2017",2017,conference,"Zangeneh, A., Svedholm, A., Pacoste, C., Andersson, A., Karoumi, R.","Eurodyn 2017 | Rome, Italy, September 10-13, 2017",Eurodyn 2017|https://www.sciencedirect.com/journal/procedia-engineering/vol/199/suppl/C;doi|https://doi.org/10.1016/j.proeng.2017.09.293,,en
conference-2017-considering-dynamic-soil-structure-interaction-i,"Considering dynamic soil-structure interaction in design of high-speed railway bridges. Eurodyn 2017 , Rome, Italy, September 10-13, 2017",2017,conference,"Östlund, J., Ülker-Kaustell, M., Andersson, A., Battini, J-M.","Eurodyn 2017 | Rome, Italy, September 10-13, 2017",Eurodyn 2017|https://www.sciencedirect.com/journal/procedia-engineering/vol/199/suppl/C;doi|https://doi.org/10.1016/j.proeng.2017.09.264,,mixed
conference-2017-an-efficient-approach-for-considering-the-effect,"An efficient approach for considering the effect of human-structure interaction on footbridges. Eurodyn 2017 , Rome, Italy, September 10-13, 2017",2017,conference,"Zäll, E., Andersson, A., Ülker-Kaustell, M., Karoumi, R.","Eurodyn 2017 | Rome, Italy, September 10-13, 2017",Eurodyn 2017|https://www.sciencedirect.com/journal/procedia-engineering/vol/199/suppl/C;doi|https://doi.org/10.1016/j.proeng.2017.09.337,,mixed
conference-2017-a-soil-steel-bridge-under-high-speed-railways-ii,"A soil-steel bridge under high-speed railways. III European Conf. on Buried Flexible Structures ( link ) Rydzyna, Poland, April 24-25, 2017",2017,conference,"Andersson, A., Karoumi, R.","III European Conf. on Buried Flexible Structures ( | link | ) Rydzyna, Poland, April 24-25, 2017",link|http://www.conference-flexiblestructures.com/;proceedings|http://acei.put.poznan.pl/index.php/acei/article/view/128;download|https://www.diva-portal.org/smash/get/diva2:1377335/FULLTEXT01.pdf,,en
report_trita-2016-field-experiments-on-the-bridge-aspan,Field Experiments on the Bridge Aspan,2016,report_trita,"Östlund, J., Andersson, A., Ülker-Kaustell, M., Battini, J.M.",KTH/BKN/R-160-SE.,,,mixed
report_trita-2016-dynamisk-kontroll-av-jarnvagsbroar-inverkan-av-3,"Dynamisk kontroll av järnvägsbroar, inverkan av 3D-effekter",2016,report_trita,"Andersson, A., Svedholm, C.",KTH/BKN/R-158-SE .,KTH/BKN/R-158-SE|http://urn.kb.se/resolve?urn=urn:nbn:se:kth:diva-189218,,mixed
report_trita-2016-designdiagram-for-forenklad-dynamisk-kontroll-av,Designdiagram för förenklad dynamisk kontroll av järnvägsbroar,2016,report_trita,"Svedholm, C., Andersson, A.",KTH/BKN/R-157-SE .,KTH/BKN/R-157-SE|http://urn.kb.se/resolve?urn=urn:nbn:se:kth:diva-182658,,mixed
report_kth-2016-pm-vartabanan-statisk-och-dynamisk-analys-av-bal,"PM Värtabanan, statisk och dynamisk analys av ballastmatta",2016,report_kth,"Andersson, A.","Reports, Trafikverket",download|https://people.kth.se/~adde/misc/Banverket/TRV160725_Vartabanan.pdf,,mixed
report_kth-2016-pm-nya-arstabron-underbrolift,"PM Nya Årstabron, underbrolift",2016,report_kth,"Andersson, A.","Reports, Trafikverket",download|https://people.kth.se/~adde/misc/Banverket/TRV161020_NyaArstabron.pdf,,mixed
report_kth-2016-pm-norra-station-statisk-och-dynamisk-analys-av-,"PM Norra Station, statisk och dynamisk analys av ballastmatta",2016,report_kth,"Andersson, A.","Reports, Trafikverket",download|https://people.kth.se/~adde/misc/Banverket/TRV161011_NorraStation.pdf,,mixed
report_kth-2016-pm-hallandsastunneln-analys-av-matdata,"PM Hallandsåstunneln, analys av mätdata",2016,report_kth,"Andersson, A.","Reports, Trafikverket",download|https://people.kth.se/~adde/misc/Banverket/TRV160410_Hallandsasen.pdf,,mixed
report_kth-2016-dynamiska-krafter-pa-kontaktledningsbrygga-vid-k,Dynamiska krafter på kontaktledningsbrygga vid kontaktledningsbrott,2016,report_kth,"Andersson, A.","Reports, Trafikverket",,,mixed
conference-2016-zall-e-karoumi-r-ulker-kaustell-m-andersson-a-20,"Zäll, E., Karoumi, R., Ülker-Kaustell, M., Andersson, A. 2016. Evaluation of load model for crowd-induced vibrations of footbridges. IABSE2016 , Stockholm, Sweden, 21-23 September 2016",2016,conference,,"Stockholm, Sweden, 21-23 September 2016.",IABSE2016|https://doi.org/10.1080/10168664.2016.11985590;download|http://urn.kb.se/resolve?urn=urn:nbn:se:kth:diva-216887,,mixed
conference-2016-ulker-kaustell-m-ostlund-j-andersson-a-2016-curr,"Ülker-Kaustell, M., Östlund, J., Andersson, A. 2016. Current research and development in bridges for high-speed railways in Sweden. IABSE2016 , Stockholm, Sweden, 21-23 September 2016",2016,conference,,"Stockholm, Sweden, 21-23 September 2016.",IABSE2016|https://doi.org/10.1080/10168664.2016.11985590;download|http://urn.kb.se/resolve?urn=urn:nbn:se:kth:diva-216873,,mixed
conference-2016-radestrom-s-karoumi-r-ulker-kaustell-m-tell-v-an,"Rådeström, S., Karoumi, R., Ülker-Kaustell, M., Tell, V., Andersson, A. 2016. Structural control of high speed railway bridges by means of fluid viscous dampers. IABSE2016 , Stockholm, Sweden, 21-23 September 2016",2016,conference,,"Stockholm, Sweden, 21-23 September 2016.",IABSE2016|https://doi.org/10.1080/10168664.2016.11985590;download|http://urn.kb.se/resolve?urn=urn:nbn:se:kth:diva-205648,,mixed
conference-2016-detection-of-train-passages-during-forced-vibrat,"Detection of Train Passages during Forced Vibration Testing of Bridge Structures using Energy Harvesting Technology. Civil Engineering Research in Ireland, CERI2016 , Galway, Ireland, August 29-30, 2016",2016,conference,"Cahill, P., Karoumi, R., Mathewson, A., Andersson, A., Pakrashi, V.","Civil Engineering Research in Ireland, | , Galway, Ireland, August 29-30, 2016",CERI2016|http://programme.exordo.com/ceri2016/delegates/presentation/17/;download|http://urn.kb.se/resolve?urn=urn:nbn:se:kth:diva-343982,,en
report_kth-2015-pm-utmattning-av-vindlast-mot-bullerskyddsskarm,PM Utmattning av vindlast mot bullerskyddsskärm,2015,report_kth,"Andersson, A.","Reports, Trafikverket",download|https://people.kth.se/~adde/misc/Banverket/TRV150902_utmattning_vindlast_bullerskarm.pdf,,mixed
report_kth-2015-pm-dynamisk-kontroll-gc-bro-vasavagen,"PM Dynamisk kontroll, GC-bro Vasavägen",2015,report_kth,"Andersson, A.","Reports, Trafikverket",download|https://people.kth.se/~adde/misc/Banverket/TRV150923_dynamik_GCbro.pdf,,mixed
report_kth-2015-pm-dynamisk-forstoringsfaktor-fran-taglast-pa-bu,PM Dynamisk förstoringsfaktor från tåglast på bullerskyddsskärm,2015,report_kth,"Andersson, A.","Reports, Trafikverket",download|https://people.kth.se/~adde/misc/Banverket/TRV150912_dynamik_bullerskarm.pdf,,mixed
report_kth-2015-pm-dynamik-respons-hos-ballastfria-sparsystem,PM Dynamik respons hos ballastfria spårsystem,2015,report_kth,"Andersson, A.","Reports, Trafikverket",download|https://people.kth.se/~adde/misc/Banverket/TRV150624_dynamik_slabtrack.pdf,,mixed
report_kth-2015-mid-term-review-report-wg-hsr,"Mid-term review report, WG HSR",2015,report_kth,"Lindberg, L., Färnlöf, L., Forslund, A., Andersson, A., Axelsson, M., Bergwall, A., Loorents, K-J.","Reports, Trafikverket",,,mixed
report_kth-2015-jarnvagsbro-3500-1587-1-ljungan-vid-alby-utmattn,"Järnvägsbro 3500-1587-1 Ljungan vid Alby, Utmattningsanalyser baserat på mätningar och FEM",2015,report_kth,"Andersson, A.","Reports, Trafikverket",download|https://people.kth.se/~adde/misc/Banverket/TRV150723_Ljungan.pdf,,mixed
conference-2015-pilot-testing-of-a-hydraulic-bridge-exciter-evac,"Pilot testing of a hydraulic bridge exciter. EVACES'15 , Dübendorf, Switzerland, October 19-21, 2015",2015,conference,"Andersson, A., Ülker-Kaustell, M., Borg, R., Dymén, O., Carolin, A., Karoumi, R.","EVACES'15 | Dübendorf, Switzerland, October 19-21, 2015.",EVACES'15|http://www.matec-conferences.org/evaces15;download|http://www.matec-conferences.org/articles/matecconf/pdf/2015/05/matecconf_evaces2015_02001.pdf;doi|https://doi.org/10.1051/matecconf/20152402001,,en
conference-2015-load-capacity-of-inner-lining-systems-due-to-imp,"Load capacity of inner lining systems due to impact from falling rocks. ITA WTC 2015 Congress and the 41 st General assembly, May 22-28, 2015, Dubrovnik, Croatia",2015,conference,"Andersson, A., Roslin, R.","ITA WTC 2015 | Congress and the 41 st General assembly, May 22-28, 2015, Dubrovnik, Croatia.",ITA WTC 2015|https://about.ita-aites.org/press-room/ita-photos/1247/wtc-2015-conference;download|http://urn.kb.se/resolve?urn=urn:nbn:se:kth:diva-168297,,mixed
conference-2015-dynamics-of-railway-bridges-analysis-and-verific,"Dynamics of railway bridges, analysis and verification by field tests (keynote paper). EVACES'15 , Dübendorf, Switzerland, October 19-21, 2015",2015,conference,"Andersson, A., Karoumi, R.","EVACES'15 | Dübendorf, Switzerland, October 19-21, 2015.",EVACES'15|http://www.matec-conferences.org/evaces15;download|http://www.matec-conferences.org/articles/matecconf/pdf/2015/05/matecconf_evaces2015_01001.pdf;doi|https://doi.org/10.1051/matecconf/20152401001,,en
conference-2015-barformaga-hos-inkladnadssystem-vid-stodbelastni,"Bärförmåga hos inklädnadssystem vid stödbelastning från fallande bergblock. Bergmekanikdagen 2015 , Stockholm, 9 th March 2015, pp. 105-113",2015,conference,"Andersson, A., Roslin, R., Taube, A.","Bergmekanikdagen 2015 | Stockholm, 9 th March 2015, pp. 105-113.",Bergmekanikdagen 2015|http://www.befoonline.org/publikationer/r2015__430;download|http://urn.kb.se/resolve?urn=urn:nbn:se:kth:diva-168301,,mixed
report_trita-2014-impact-loading-of-concrete-slabs-experimental-te,"Impact loading of concrete slabs, Experimental tests and numerical simulations",2014,report_trita,"Andersson, A.",KTH/BKN/R-153-SE .,KTH/BKN/R-153-SE|http://urn.kb.se/resolve?urn=urn:nbn:se:kth:diva-165768,,en
report_kth-2014-pm-ramshyttan-tunnel-inverkan-av-stodsattning,"PM Rämshyttan tunnel, inverkan av stödsättning",2014,report_kth,"Andersson, A.","Reports, Trafikverket",download|https://people.kth.se/~adde/misc/Banverket/TRV1410274_Ramshyttan.pdf,,mixed
report_kth-2014-pm-oversiktlig-inventering-av-jarnvagsbroar-for-,PM Översiktlig inventering av järnvägsbroar för transformatortransport Q73 med stax 22.5,2014,report_kth,"Andersson, A.","Reports, Trafikverket",download|https://people.kth.se/~adde/misc/Banverket/TRV141021_transformator_Q73.pdf,,mixed
report_kth-2014-dynamic-performance-of-concrete-frame-bridges-pm,Dynamic performance of concrete frame bridges. PM 2014-07-14,2014,report_kth,"Andersson, A.","Reports, KTH",download|https://people.kth.se/~adde/misc/KTH2/AA140714_dynamic_simulation_frame_bridges.pdf,,en
report_kth-2014-broexciterare-simulering-av-forvantad-respons-i-,"Broexciterare, simulering av förväntad respons I fackverkssträva. PM 2014-10-07",2014,report_kth,"Andersson, A.","Reports, KTH",download|https://people.kth.se/~adde/misc/KTH2/AA141007_Exciterare_fackverk.pdf,,mixed
report_kth-2014-broexciterare-simulering-av-forvantad-grundrespo,"Broexciterare, simulering av förväntad grundrespons. PM 2014-06-06",2014,report_kth,"Andersson, A.","Reports, KTH",download|https://people.kth.se/~adde/misc/KTH2/AA140606_Exciterare_grund.pdf,,mixed
report_kth-2014-broexciterare-simulering-av-forvantad-brorespons,"Broexciterare, simulering av förväntad brorespons. PM 2014-05-29",2014,report_kth,"Andersson, A.","Reports, KTH",download|https://people.kth.se/~adde/misc/KTH2/AA140529_Exciterare_broar.pdf,,mixed
report_kth-2014-broexciterare-forslagsritningar-fackverksstrava-,"Broexciterare, förslagsritningar fackverkssträva. Ritningar 2014-05-04",2014,report_kth,"Andersson, A.","Reports, KTH",download|https://people.kth.se/~adde/misc/KTH2/AA141104_Exciterare_fackverk_ritningar.pdf,,mixed
journal-2014-passive-and-adaptive-damping-systems-for-vibrati,"Passive and adaptive damping systems for vibration mitigation and increased fatigue service life of a tied arch railway bridge. Computer-Aided Civil & Infrastructure Engineering 30(9), pp. 748-757",2014,journal,"Andersson, A., Karoumi, R., O'Connor, A.","Computer-Aided Civil & Infrastructure Engineering 30(9), pp. 748-757.",doi|https://doi.org/10.1111/mice.12116;download|http://urn.kb.se/resolve?urn=urn:nbn:se:kth:diva-120211,,en
journal-2014-influence-of-the-ballast-on-the-dynamic-properti,Influence of the ballast on the dynamic properties of a truss railway bridge,2014,journal,"Bornet, L., Andersson, A., Zwolski J., Battini, J-M.","Structure and Infrastructure Engineering 11(6), pp. 796-803.",doi|https://doi.org/10.1080/15732479.2014.912242;download|http://urn.kb.se/resolve?urn=urn:nbn:se:kth:diva-142825,,en
journal-2014-dynamic-behaviour-of-a-short-span-soilsteel-comp,Dynamic behaviour of a short span soil–steel composite bridge for high-speed railways – Field measurements and FE-analysis,2014,journal,"Mellat, P., Andersson, A., Pettersson, L., Karoumi, R.","Engineering Structures 69, pp. 49-61.",doi|https://doi.org/10.1016/j.engstruct.2014.03.004;download|http://kth.diva-portal.org/smash/record.jsf?pid=diva2:651427,,en
journal-2014-a-methodology-for-the-preliminary-assessment-of-,A methodology for the preliminary assessment of existing railway bridges for high-speed traffic,2014,journal,"Johansson, C., Nualláin, N.Á., Pacoste, C., Andersson, A.","Engineering Structures 58, pp. 25-35",doi|https://doi.org/10.1016/j.engstruct.2013.10.011;download|http://urn.kb.se/resolve?urn=urn:nbn:se:kth:diva-143461,,en
conference-2014-influence-of-the-ballasted-track-on-the-dynamic-,"Influence of the Ballasted Track on the Dynamic Properties of a Truss Railway Bridge. The Twelfth International Conference on Computational Structures Technology, Naples, Italy 2-5 September 2014",2014,conference,"Bornet, L., Andersson, A., Zwolski, J., Battini, J-M:","The Twelfth International Conference on Computational Structures Technology, Naples, Italy 2-5 September 2014",doi|http://dx.doi.org/10.4203/ccp.106.185,,en
conference-2014-development-of-a-multi-passive-tuned-mass-damper,"Development of a multi-passive tuned mass damper, theory and experiments. Eurodyn 2014 , IX International Conference on Structural Dynamics, Porto, Portugal",2014,conference,"Andersson, A., Karoumi, R., O'Connor, A.","Eurodyn 2014 | IX International Conference on Structural Dynamics, Porto, Portugal",Eurodyn 2014|http://paginas.fe.up.pt/~eurodyn2014/;download|http://kth.diva-portal.org/smash/record.jsf?searchId=2&pid=diva2:706887,,en
report_trita-2013-dynamiska-kontroller-av-jarnvagsbroar-langs-botn,"Dynamiska kontroller av järnvägsbroar längs Botniabanan för framtida höghastighetståg, etapp 1",2013,report_trita,"Johansson, C., Andersson, A., Karoumi, R., Pacoste, C.",KTH/BKN/R-145-SE .,KTH/BKN/R-145-SE|http://urn.kb.se/resolve?urn=urn:nbn:se:kth:diva-122683,,mixed
report_kth-2013-pm-sodertunneln-spanningsanalyser-avseende-halta,"PM Södertunneln, spänningsanalyser avseende håltagning I monolit 322b",2013,report_kth,"Andersson, A.","Reports, Trafikverket",download|https://people.kth.se/~adde/misc/Banverket/TRV131203_PM_Sodertunneln_322b.pdf,,mixed
report_kth-2013-pm-ramshyttan-tunnel-spanningsberakningar-for-ha,"PM Rämshyttan tunnel, spänningsberäkningar för håltagning",2013,report_kth,"Andersson, A.","Reports, Trafikverket",download|https://people.kth.se/~adde/misc/Banverket/TRV130927_Ramshyttan.pdf,,mixed
report_kth-2013-pm-forbifart-stockholm-statisk-och-dynamisk-barf,"PM Förbifart Stockholm, Statisk och dynamisk bärförmåga av betongplattor – underlag för provning",2013,report_kth,"Andersson, A.","Reports, Trafikverket",download|https://people.kth.se/~adde/misc/Banverket/TRV130924_Blocklast_Platta.pdf,,mixed
report_kth-2013-pm-forbifart-stockholm-respons-av-nedfallande-be,"PM Förbifart Stockholm, Respons av nedfallande bergblock på innertak i tunnel",2013,report_kth,"Andersson, A.","Reports, Trafikverket",download|https://people.kth.se/~adde/misc/Banverket/TrV130407_ForbifartSthlm_bergblock.pdf,,mixed
report_kth-2013-pm-citybanan-utmattningsrisk-av-raler-vid-olika-,PM Citybanan utmattningsrisk av räler vid olika upplagsstyvheter,2013,report_kth,"Andersson, A.","Reports, Trafikverket",download|https://people.kth.se/~adde/misc/Citybanan/TRV130909_Citybanan_Utmattning_rals.pdf,,mixed
report_kth-2013-fundament-till-bullerskarm-snittkrafter-i-linjal,"Fundament till bullerskärm, snittkrafter i ”linjalbalk”",2013,report_kth,"Andersson, A.","Reports, Trafikverket",download|https://people.kth.se/~adde/misc/Citybanan/TrV130331_VridningLinjalBalk.pdf,,mixed
report_kth-2013-citybanan-spardynamiska-berakningar-avseende-for,"Citybanan, spårdynamiska beräkningar avseende fordonskomfort av variabel styvhet i underbyggnad",2013,report_kth,"Andersson, A.","Reports, Trafikverket",download|https://people.kth.se/~adde/misc/Citybanan/TrV130320_UtmattningRals_Citybanan.pdf,,mixed
report_kth-2013-bro-over-aby-alv-preliminara-resultat-fran-dynam,Bro över Åby älv – preliminära resultat från dynamiska fältmätningar. PM 2013-12-12,2013,report_kth,"Andersson, A.","Reports, KTH",download|https://people.kth.se/~adde/misc/KTH2/AA131212_Aby_alv_faltmatningar.pdf,,mixed
report_kth-2013-adaptive-and-semi-active-vibration-control-of-ra,"Adaptive and semi-active vibration control of railway bridge dynamics. Long Life Bridges, deliverable 1.1, final report from secondment 1.1b",2013,report_kth,"Andersson, A.","Reports, KTH",download|http://urn.kb.se/resolve?urn=urn:nbn:se:kth:diva-120210,,en
conference-2013-vibration-mitigation-of-railway-bridges-using-ad,"Vibration mitigation of railway bridges using adaptive damping control. IABSE 2013 , May 6-8, 2013, Rotterdam, the Netherlands",2013,conference,"Andersson, A., Karoumi, R., O'Connor, A.","IABSE 2013 | , May 6-8, 2013, Rotterdam, the Netherlands",IABSE 2013|http://www.iabse.org/IABSE/Press_Releases/IABSE_Rotterdam_Conference_Report.aspx;download|http://urn.kb.se/resolve?urn=urn:nbn:se:kth:diva-103065,,en
conference-2013-load-capacity-assessment-and-strengthening-of-a-,"Load capacity assessment and strengthening of a railway arch bridge with backfill. IABSE 2013 , May 6-8, 2013, Rotterdam, the Netherlands",2013,conference,"Andersson, A.","IABSE 2013 | , May 6-8, 2013, Rotterdam, the Netherlands.",IABSE 2013|http://www.iabse.org/IABSE/Press_Releases/IABSE_Rotterdam_Conference_Report.aspx;download|http://urn.kb.se/resolve?urn=urn:nbn:se:kth:diva-103600,,en
conference-2013-external-damping-of-stay-cables-using-adaptive-a,"External damping of stay cables using adaptive and semi-active vibration control. ICSBOC2013 , The 8 th International Cable Supported Bridge Operators' Conference, June 3-5, 2013, Edinburgh, Scotland",2013,conference,"Andersson, A., Karoumi, R., O'Connor, A.","ICSBOC2013 | The 8 th International Cable Supported Bridge Operators' Conference, June 3-5, 2013, Edinburgh, Scotland.",ICSBOC2013|https://www.bridgeweb.com/Eighth-international-cable-supported-bridge-operators-conference/2717;download|http://urn.kb.se/resolve?urn=urn:nbn:se:kth:diva-120213,,en
conference-2013-extending-the-fatigue-service-life-of-a-railway-,"Extending the fatigue service life of a railway bridge by local approaches. IABSE 2013 , May 6-8, 2013, Rotterdam, the Netherlands",2013,conference,"Andersson, A., Leander, J., Karoumi, R.","IABSE 2013 | , May 6-8, 2013, Rotterdam, the Netherlands.",IABSE 2013|http://www.iabse.org/IABSE/Press_Releases/IABSE_Rotterdam_Conference_Report.aspx;download|http://urn.kb.se/resolve?urn=urn:nbn:se:kth:diva-103599,,en
conference-2012-semi-active-damping-systems-for-railway-bridges-,"Semi active damping systems for railway bridges. Bridge & Concrete Research in Ireland ( BCRI ), 6-7 th September 2012, Ireland",2012,conference,"Andersson, A., Karoumi, R., O'Connor, A.","Bridge & Concrete Research in Ireland ( | BCRI | ), 6-7 th September 2012, Ireland.",BCRI|http://2012.cerai.net/;download|http://urn.kb.se/resolve?urn=urn:nbn:se:kth:diva-103063,,en
conference-2012-full-scale-tests-and-structural-evaluation-of-so,"Full Scale Tests and Structural Evaluation of Soil-Steel Flexible Culverts for High-Speed Railways. II European Conference on Buried Flexible Steel Structures, Rydzyna , Poland 2012",2012,conference,"Andersson, A., Sundquist, H., Karoumi, R.","II European Conference on Buried Flexible Steel Structures, | Rydzyna | Poland 2012.",Rydzyna|http://www.conference-flexiblestructures.com/?lang=2;download|http://urn.kb.se/resolve?urn=urn:nbn:se:kth:diva-70127,,en
conference-2012-attenuating-resonant-behaviour-of-a-tied-arch-ra,"Attenuating resonant behaviour of a tied arch railway bridge using increased hanger damping. IABMAS 2012 , 6 th International Conference on Bridge maintenance, Safety and Management, Lake Maggiroe, Italy",2012,conference,"Andersson, A., Karoumi, R.","IABMAS 2012 | 6 th International Conference on Bridge maintenance, Safety and Management, Lake Maggiroe, Italy.",IABMAS 2012|http://www.iabmas2012.org/;download|http://urn.kb.se/resolve?urn=urn:nbn:se:kth:diva-70136,,en
thesis-2011-capacity-assessment-of-arch-bridges-with-backfil,"Capacity assessment of arch bridges with backfill: Case of the old Årsta railway bridge. Doctoral Thesis, KTH Bulletin 107",2011,thesis,"Andersson, A.","Doctoral Thesis, KTH Bulletin 107",KTH Bulletin 107|http://urn.kb.se/resolve?urn=urn:nbn:se:kth:diva-32827,,mixed
report_trita-2011-hoghastighetsprojekt-bro-inventering-av-jarnvags,"Höghastighetsprojekt – Bro, Inventering av järnvägsbroar för ökad hastighet på befintliga banor",2011,report_trita,"Johansson, C., Arvidsson, T., Martino, D., Yavari, M.S., Andersson, A., Pacoste, C., Karoumi, R.",KTH/BKN/R-141-SE .,KTH/BKN/R-141-SE|http://urn.kb.se/resolve?urn=urn:nbn:se:kth:diva-90234,,mixed
report_kth-2011-spanningsanalys-av-spannankare,Spänningsanalys av spännankare,2011,report_kth,"Andersson, A.","Reports, Trafikverket",download|https://people.kth.se/~adde/misc/Citybanan/TrV111206_spanningsanalyser_spannankare.pdf,,mixed
report_kth-2011-pm-utredning-av-malmtransport-mellan-grangesberg,PM Utredning av malmtransport mellan Grängesberg och Oxelösund – Teknikområde Bro,2011,report_kth,"Andersson, A.","Reports, Trafikverket",download|https://people.kth.se/~adde/misc/Banverket/TrV110525_Tunga_transporter_Gr-Oxd.pdf,,mixed
report_kth-2011-pm-soderstromstunneln-nagra-berakningar-avseende,PM Söderströmstunneln: Några beräkningar avseende krafter på ballastfritt spår,2011,report_kth,"Andersson, A.","Reports, Trafikverket",download|https://people.kth.se/~adde/misc/Citybanan/TrV111212_krafter_pa_ballastfritt_spar.pdf,,mixed
report_kth-2011-pm-oversiktlig-berakning-av-lasteffekt-avseende-,PM Översiktlig beräkning av lasteffekt avseende tre fackverksbroar på bandel 331,2011,report_kth,"Andersson, A.","Reports, Trafikverket",download|https://people.kth.se/~adde/misc/Banverket/TrV110609_PM_B%C3%A4righet_fackverksbroar_bdl_331.pdf,,mixed
report_kth-2011-pm-bro-over-soderstrom-km-1-83-utmattningsanalys,"PM: Bro över Söderström (km 1+83). Utmattningsanalyser baserat på töjningsmätningar, april-maj 2011",2011,report_kth,"Andersson, A.","Reports, KTH",download|https://people.kth.se/~adde/misc/KTH/AA110508_S%C3%B6derstr%C3%B6m_utmattning.pdf,,mixed
report_kth-2011-oversiktlig-barighetsanalys-av-tva-valvbroar,Översiktlig bärighetsanalys av två valvbroar,2011,report_kth,"Andersson, A.","Reports, Trafikverket",download|https://people.kth.se/~adde/misc/Banverket/TrV111107_Oversiktlig_barighetsanalys_valvbroar.pdf,,mixed
report_kth-2011-numerisk-analys-av-deformationer-och-spanningar-,Numerisk analys av deformationer och spänningar i ballastfria spårsystem,2011,report_kth,"Andersson, A.","Reports, Trafikverket",download|https://people.kth.se/~adde/misc/Banverket/TrV110816_deformationer_och_spanningar_ballastfria_sparsystem.pdf,,mixed
report_kth-2011-load-resistance-of-lightening-columns-confidenti,Load resistance of lightening columns. (Confidential,2011,report_kth,"Andersson, A., Höglund, T.","Reports, KTH",download|https://people.kth.se/~adde/misc/KTH2/AA110331_Ortic.pdf,,mixed
report_kth-2011-inledande-analyser-av-dynamiskt-verkningssatt-fo,Inledande analyser av dynamiskt verkningssätt för ballastfria spårkonstruktioner. Teknisk rapport,2011,report_kth,"Andersson, A.","Reports, Trafikverket",download|https://people.kth.se/~adde/misc/Banverket/TrV110310_Sp%C3%A5rdynamik_slabtrack.pdf,,mixed
chapter-2011-jarnvagsbro-under-bevakning-samhallsbyggaren-nr-,Järnvägsbro under bevakning. Samhällsbyggaren nr. 3,2011,chapter,"Leander, J., Andersson, A.",Samhällsbyggaren,download|http://urn.kb.se/resolve?urn=urn:nbn:se:kth:diva-70472,,mixed
report_trita-2010-johansson-c-andersson-a-wiberg-j-ulker-kaustell-,"Johansson, C., Andersson, A., Wiberg, J., Ülker-Kaustell, M., Pacoste, C., Karoumi, R. 2010. Höghastighetsprojekt – Bro, delrapport I: Inledande inventering av erfarenheter och befintliga krav vid dimensionering av järnvägsbroar för farter över 200 km/h",2010,report_trita,,KTH/BKN/R-139-SE,KTH/BKN/R-139-SE|http://urn.kb.se/resolve?urn=urn:nbn:se:kth:diva-37027,,mixed
report_kth-2010-simulering-av-nedfallande-bergblock,Simulering av nedfallande bergblock,2010,report_kth,"Andersson, A.","Reports, Trafikverket",download|https://people.kth.se/~adde/misc/Banverket/TrV100515_Nedfallande_bergblock.pdf,,en
report_kth-2010-pm-riddarholmstunneln-last-av-mobilkran-pa-tunne,"PM Riddarholmstunneln, last av mobilkran på tunneltak",2010,report_kth,"Andersson, A.","Reports, Trafikverket",download|https://people.kth.se/~adde/misc/Banverket/TrV100526_PM%20Riddarholmstunneln_mobilkran.pdf,,mixed
report_kth-2010-pm-oversiktlig-barighetsberakning-av-valvbroar-i,PM Översiktlig bärighetsberäkning av valvbroar inom LDS,2010,report_kth,"Andersson, A.","Reports, Trafikverket",download|https://people.kth.se/~adde/misc/Banverket/TrV101206_PM_Valvbroar_LDS.pdf,,mixed
report_kth-2010-pm-oversiktlig-barighetsberakning-av-tre-valvbro,PM översiktlig bärighetsberäkning av tre valvbroar på Ostkustbanan,2010,report_kth,"Andersson, A.","Reports, Trafikverket",download|https://people.kth.se/~adde/misc/Banverket/TrV100830_PM_B%C3%A4righet%20valvbroar%20ostkustbanan.pdf,,mixed
report_kth-2010-pm-lasteffekt-vindelalven,PM Lasteffekt Vindelälven,2010,report_kth,"Andersson, A.","Reports, Trafikverket",download|https://people.kth.se/~adde/misc/Banverket/TrV100609_PM_Lasteffekt_Vindelalven.pdf,,mixed
report_kth-2010-pm-lasteffekt-hamrangean,PM Lasteffekt Hamrangeån,2010,report_kth,"Andersson, A.","Reports, Trafikverket",download|https://people.kth.se/~adde/misc/Banverket/TrV101022_PM_Lasteffekt_Hamr%C3%A5nge%C3%A5n.pdf,,mixed
report_kth-2010-pm-innertak-i-graveforstunnlarna-lastkapacitet-m,"PM Innertak i Graveforstunnlarna, lastkapacitet mot fallande bergblock",2010,report_kth,"Andersson, A.","Reports, Trafikverket",download|https://people.kth.se/~adde/misc/Banverket/BV101214_Gravefors_fallande_block.pdf,,en
report_kth-2010-pm-gamla-arstabron-berakningar-nolledsbagarna,"PM gamla Årstabron, beräkningar nolledsbågarna",2010,report_kth,"Andersson, A.","Reports, Trafikverket",download|https://people.kth.se/~adde/misc/gamla_Arstabron/TrV100713_PM%20gamla%20%C3%85rstabron%20nolledsb%C3%A5gar.pdf,,mixed
report_kth-2010-pm-gamla-arstabron-berakningar-3-ledsbagarna,"PM gamla Årstabron, beräkningar 3-ledsbågarna",2010,report_kth,"Andersson, A.","Reports, Trafikverket",download|https://people.kth.se/~adde/misc/gamla_Arstabron/TrV100609_PM%20gamla%20%C3%85rstabron%203-ledsb%C3%A5gar.pdf,,mixed
report_kth-2010-pm-citybanan-spanningsanalys-palhuvud,"PM Citybanan, Spänningsanalys pålhuvud",2010,report_kth,"Andersson, A.","Reports, Trafikverket",download|https://people.kth.se/~adde/misc/Citybanan/TRV100319_Citybanan_palhuvud.pdf,,mixed
report_kth-2010-pm-ballastfritt-spar-pa-jarnvagsbroar,PM: Ballastfritt spår på järnvägsbroar,2010,report_kth,"Andersson, A.","Reports, Trafikverket",download|https://people.kth.se/~adde/misc/Banverket/BV100225_Ballastfritt_spar.pdf,,mixed
report_kth-2010-jarnvagstunneln-i-ramshyttan-teoretiska-analyser,Järnvägstunneln i Rämshyttan. Teoretiska analyser av innertakens bärförmåga mot fallande bergblock,2010,report_kth,"Andersson, A.","Reports, Trafikverket",download|https://people.kth.se/~adde/misc/Banverket/BV100208_Ramshyttan.pdf,,mixed
report_kth-2010-jarnvagsbro-over-soderstrom-spanningsanalyser-oc,"Järnvägsbro över Söderström, spänningsanalyser och utmattningsberäkningar avseende förstärkningsförslag",2010,report_kth,"Andersson, A.","Reports, Trafikverket",download|https://people.kth.se/~adde/misc/KTH2/AA101026_S%C3%B6derstr%C3%B6m_utmattning.pdf,,mixed
report_kth-2010-globen-skyview-jamforande-berakningar-av-pakanni,"Globen Skyview, Jämförande beräkningar av påkänning vid rälsbanans upplag (konfidentiell",2010,report_kth,"Andersson, A.","Reports, KTH",download|https://people.kth.se/~adde/misc/KTH2/AA100203_Globen_Skyview.pdf,,mixed
journal-2010-monitoring-and-enhanced-fatigue-evaluation-of-a-,Monitoring and enhanced fatigue evaluation of a steel railway bridge,2010,journal,"Leander, J., Andersson, A., Karoumi, R.",Engineering Structures 32(3) pp. 854-863.,doi|https://doi.org/10.1016/j.engstruct.2009.12.011;download|http://urn.kb.se/resolve?urn=urn:nbn:se:kth:diva-28452,,en
thesis-2009-utmattningsanalys-av-jarnvagsbroar-en-fallstudie,"Utmattningsanalys av järnvägsbroar. En fallstudie av stålbroarna mellan Stockholm Central och Söder Mälarstrand, baserat på teoretiska analyser och töjningsmätningar. Licentiate Thesis, KTH Bulletin 96",2009,thesis,"Andersson, A.","Licentiate Thesis, KTH Bulletin 96",KTH Bulletin 96|http://urn.kb.se/resolve?urn=urn:nbn:se:kth:diva-9898,,mixed
report_kth-2009-soderstromstunneln-fe-analys-av-vibrationsnivaer,"Söderströmstunneln, FE-analys av vibrationsnivåer",2009,report_kth,"Andersson, A.","Reports, Trafikverket",download|https://people.kth.se/~adde/misc/Citybanan/BV090911_vibration_tunnel.pdf,,mixed
report_kth-2009-pm-gamla-arstabron-sammanstallning-av-tojningsma,PM Gamla Årstabron. Sammanställning av töjningsmätningar på båge 11,2009,report_kth,"Andersson, A.","Reports, KTH",download|https://people.kth.se/~adde/misc/gamla_Arstabron/fas1_090424_bage11.pdf,,mixed
report_kth-2009-gamla-arstabron-sammanstallning-av-tojningsmatni-2,Gamla Årstabron. Sammanställning av töjningsmätningar utförda 2009-06-23,2009,report_kth,"Andersson, A.","Reports, KTH",download|https://people.kth.se/~adde/misc/gamla_Arstabron/fas3_090623.pdf,,mixed
report_kth-2009-gamla-arstabron-sammanstallning-av-tojningsmatni,Gamla Årstabron. Sammanställning av töjningsmätningar utförda 2009-09-24,2009,report_kth,"Andersson, A.","Reports, KTH",download|https://people.kth.se/~adde/misc/gamla_Arstabron/fas3_090924.pdf,,mixed
report_kth-2009-citybanan-pm-slantstabilitet-soder-malarstrand-n,"Citybanan, PM Släntstabilitet Söder Mälarstrand, några FE-analyser",2009,report_kth,"Andersson, A.","Reports, Trafikverket",download|https://people.kth.se/~adde/misc/Citybanan/BV090125_Slantstabilitet_Soder_Malarstrand.pdf,,mixed
report_kth-2009-citybanan-pm-betongtunnel-under-maria-kyrka-nagr,"Citybanan, PM Betongtunnel under Maria kyrka, några jämförande beräkningar",2009,report_kth,"Andersson, A.","Reports, Trafikverket",download|https://people.kth.se/~adde/misc/Citybanan/BV090612_betongtunnel_Maria_kyrka.pdf,,mixed
report_kth-2009-citybanan-lastkapacitet-kabelranna,"Citybanan, lastkapacitet kabelränna",2009,report_kth,"Andersson, A.","Reports, Trafikverket",download|https://people.kth.se/~adde/misc/Citybanan/BV090914_kabelranna_brottlast.pdf,,mixed
report_kth-2009-citybanan-beraknings-pm-gangdynamik-vid-skyddspo,"Citybanan, Beräknings PM: Gångdynamik vid skyddsport av spårinfästning",2009,report_kth,"Andersson, A.","Reports, Trafikverket",download|https://people.kth.se/~adde/misc/Citybanan/BV090917_gangdynamik_skyddsport.pdf,,mixed
report_kth-2009-beraknings-pm-oversiktlig-barighetsanalys-vagpor,Beräknings PM: Översiktlig bärighetsanalys vägport vid Köpetorp,2009,report_kth,"Andersson, A.","Reports, Trafikverket",download|https://people.kth.se/~adde/misc/Banverket/BV090401_Kopetorp_vagport.pdf,,mixed
report_kth-2009-beraknings-pm-oversiktlig-barighetsanalys-av-bro,Beräknings PM: Översiktlig bärighetsanalys av broar vid Kumla,2009,report_kth,"Andersson, A.","Reports, Trafikverket",download|https://people.kth.se/~adde/misc/Banverket/BV090204_broar_Kumla_barighet.pdf,,mixed
report_kth-2009-beraknings-pm-bro-over-tegnergatan-bdl-349-km-10,"Beräknings PM: bro över Tegnergatan, bdl 349, km 109+499",2009,report_kth,"Andersson, A.","Reports, Trafikverket",download|https://people.kth.se/~adde/misc/Banverket/BV090407_Tegnergatan.pdf,,mixed
conference-2009-enhanced-assessment-of-the-remaining-service-lif,Enhanced Assessment of the Remaining Service Life of a Steel Railway Bridge. Key Engineering Materials Vol. 413-414 pp. 245-252,2009,conference,"Leander, J., Andersson, A., Karoumi, R.",Key Engineering Materials Vol. 413-414 pp. 245-252,download|http://urn.kb.se/resolve?urn=urn:nbn:se:kth:diva-30365;doi|https://doi.org/10.4028/www.scientific.net/KEM.413-414.245,,en
report_kth-2008-strangnastunneln-lufttrycksmatningar-vid-ansluta,"Strängnästunneln, lufttrycksmätningar vid anslutande räddningstunnlar",2008,report_kth,"Andersson, A.","Reports, Trafikverket",download|https://people.kth.se/~adde/misc/Banverket/BV080301_Strangnastunneln_lufttrycksmatningar.pdf,,mixed
report_kth-2008-sodertalje-klaffbro-fe-analys-av-pelare-b,Södertälje klaffbro – FE-analys av pelare B,2008,report_kth,"Andersson, A.","Reports, Trafikverket",download|https://people.kth.se/~adde/misc/Banverket/BV081215_Sodertalje_klaffbro_pelareB.pdf,,mixed
report_kth-2008-pm-innertak-i-graveforstunnlarna-statisk-barform,"PM innertak i Graveforstunnlarna, statisk bärförmåga med förhöjda materialvärden",2008,report_kth,"Andersson, A.","Reports, Trafikverket",download|https://people.kth.se/~adde/misc/Banverket/BV080626_Graversfors_betongvalv_statiskt.pdf,,mixed
report_kth-2008-pm-innertak-i-graveforstunnlarna-inverkan-av-sta,"PM Innertak i Graveforstunnlarna, inverkan av statisk bärförmåga p.g.a. håltagning",2008,report_kth,"Andersson, A.","Reports, Trafikverket",download|https://people.kth.se/~adde/misc/Banverket/BV080522_Graversfors_betongvalv_haltagning.pdf,,mixed
report_kth-2008-pm-graveforstunnlarna-berakningar-och-analyser-a,"PM Graveforstunnlarna, beräkningar och analyser av provningar",2008,report_kth,"Andersson, A.","Reports, Trafikverket",download|https://people.kth.se/~adde/misc/Banverket/BV081125_Graversfors_balkar.pdf,,mixed
report_kth-2008-gamla-arstabron-forslag-till-varselgranser-under,"Gamla Årstabron. Förslag till varselgränser under vattenbilning fas 3, undersida båge 2",2008,report_kth,"Andersson, A.","Reports, KTH",download|https://people.kth.se/~adde/misc/gamla_Arstabron/fas3_varselgranser.pdf,,mixed
report_kth-2008-gamla-arstabron-berakningar-avseende-inverkan-av,"Gamla Årstabron, beräkningar avseende inverkan av tvärstag",2008,report_kth,"Andersson, A.","Reports, Trafikverket",download|https://people.kth.se/~adde/misc/Banverket/BV080602_gamla_Arstabron_berakning_tvarstag.pdf,,mixed
report_kth-2008-bro-over-soderstrom-instrumenteringsanvisningar-,"Bro över Söderström, Instrumenteringsanvisningar för töjningsmätningar",2008,report_kth,"Andersson, A.","Reports, KTH",download|https://people.kth.se/~adde/misc/KTH/Instrumenteringsanvisningar_080408.pdf,,mixed
report_kth-2008-barformaga-hos-gardsbjalklag-karlbergsvagen-18,"Bärförmåga hos gårdsbjälklag, Karlbergsvägen 18",2008,report_kth,"Andersson, A.","Reports, Trafikverket",download|https://people.kth.se/~adde/misc/Banverket/BV080429_Gardsbjalklag_barighet.pdf,,mixed
report_trita-2007-modern-mat-och-overvakningsmetodik-for-bedomning,Modern mät- och övervakningsmetodik för bedömning av befintliga broar,2007,report_trita,"Sundquist, H., Karoumi, R., Andersson, A., Enckell, M., Malm, R., Wiberg., J., Ülker-Kaustell, M., Carlsson, F., Plos, M., Enochsson, O., Täljsten, B.",KTH/BKN/R-111-SE .,KTH/BKN/R-111-SE|http://urn.kb.se/resolve?urn=urn:nbn:se:kth:diva-37035,,mixed
report_trita-2007-gamla-arstabron-sammanstallning-av-berakningar-a,"Gamla Årstabron, Sammanställning av beräkningar avseende förstärkningar av betongbågarna",2007,report_trita,"Andersson, A.",KTH/BKN/R-105-SE .,KTH/BKN/R-105-SE|http://urn.kb.se/resolve?urn=urn:nbn:se:kth:diva-48154,,mixed
report_trita-2007-gamla-arstabron-fem-berakningar-av-3-ledsbagarna,"Gamla Årstabron, FEM-beräkningar av 3-ledsbågarnas verkningssätt och inverkan på förstärkningsåtgärder",2007,report_trita,"Andersson, A.",KTH/BKN/R-104-SE .,KTH/BKN/R-104-SE|http://urn.kb.se/resolve?urn=urn:nbn:se:kth:diva-48158,,mixed
report_kth-2007-pm-gamla-arstabron-nagra-jamforande-berakningar-,"PM Gamla Årstabron, Några jämförande beräkningar avseende nolledsbågarna",2007,report_kth,"Andersson, A.","Reports, Trafikverket",download|https://people.kth.se/~adde/misc/Banverket/BV070313_gamla_Arstabron_nolledsbagarna.pdf,,mixed
report_kth-2007-gamla-arstabron-sammanstallning-av-tojningsmatni-2,Gamla Årstabron. Sammanställning av töjningsmätningar utförda 2007-10-17,2007,report_kth,"Andersson, A.","Reports, KTH",download|https://people.kth.se/~adde/misc/gamla_Arstabron/fas0_071017.pdf,,mixed
report_kth-2007-gamla-arstabron-sammanstallning-av-tojningsmatni,Gamla Årstabron. Sammanställning av töjningsmätningar utförda 2007-11-07,2007,report_kth,"Andersson, A.","Reports, KTH",download|https://people.kth.se/~adde/misc/gamla_Arstabron/fas1a_071107.pdf,,mixed
report_kth-2007-gamla-arstabron-nagra-berakningar-infor-faltmatn,Gamla Årstabron. Några beräkningar inför fältmätningar 2007,2007,report_kth,"Andersson, A.","Reports, KTH",download|https://people.kth.se/~adde/misc/gamla_Arstabron/infor_matningar_2007.pdf,,mixed
report_kth-2007-evaluating-cable-forces-in-cable-supported-bridg,Evaluating cable forces in cable supported bridge using methods of structural vibrations,2007,report_kth,"Andersson, A.","Reports, KTH",download|https://people.kth.se/~adde/misc/KTH/Cable_Force_Evaluation_essay_2007.pdf,,en
report_trita-2006-utvardering-av-krafter-i-alvsborgsbron-genom-dyn,Utvärdering av krafter i Älvsborgsbron genom dynamisk mätning och analys,2006,report_trita,"Andersson, A., Sundquist H.",KTH/BKN/R-98-SE .,KTH/BKN/R-98-SE|http://urn.kb.se/resolve?urn=urn:nbn:se:kth:diva-48178,,mixed
report_trita-2006-load-testing-of-the-new-svinesund-bridge-present,Load Testing of the New Svinesund Bridge: Presentation of results and theoretical verification of bridge behavior,2006,report_trita,"Karoumi, R., Andersson, A.",KTH/BKN/R-96-SE .,KTH/BKN/R-96-SE|http://urn.kb.se/resolve?urn=urn:nbn:se:kth:diva-37032,,en
report_trita-2006-gamla-arstabron-fem-berakning-av-forstarkningsat,"Gamla Årstabron, FEM-beräkning av förstärkningsåtgärders inverkan på betongbågarna",2006,report_trita,"Andersson, A.",KTH/BKN/R-101-SE .,KTH/BKN/R-101-SE|http://urn.kb.se/resolve?urn=urn:nbn:se:kth:diva-48185,,mixed
report_kth-2006-fem-modellering-av-instabilitetsproblem,FEM modellering av instabilitetsproblem,2006,report_kth,"Malm, R., Andersson A.","Reports, KTH",download|https://people.kth.se/~adde/misc/KTH/Stabilitet_buckling_vippning_2006.pdf,,en
report_kth-2006-dynamic-properties-of-a-pedestrian-bridge,Dynamic properties of a pedestrian bridge,2006,report_kth,"Andersson, A.","Reports, KTH",download|https://people.kth.se/~adde/misc/KTH/GC_Bridge_Fysikcentrum_2006.pdf,,en
report_kth-2006-citybanan-vibrationsdampning-nagra-fe-berakninga,"Citybanan, Vibrationsdämpning, Några FE-beräkningar av vibrationsdämpningar i tunnel",2006,report_kth,"Andersson, A.","Reports, Trafikverket",download|https://people.kth.se/~adde/misc/Citybanan/BV060504_vibrationsdampning_tunnel.pdf,,mixed
journal-2006-field-testing-and-simulation-of-dynamic-properti,Field testing and simulation of dynamic properties of a tied arch railway bridge,2006,journal,"Malm, R., Andersson, A.",Engineering Structures 28(1) pp. 143-152.,doi|https://doi.org/10.1016/j.engstruct.2005.07.011;download|http://urn.kb.se/resolve?urn=urn:nbn:se:kth:diva-37631,,en
conference-2006-static-and-dynamic-load-testing-of-the-new-svine,"Static and Dynamic Load Testing of the New Svinesund Arch Bridge. The International Conference on Bridge Engineering, Hong Kong",2006,conference,"Karoumi, R., Andersson, A., Sundquist, H.","The International Conference on Bridge Engineering, Hong Kong.",download|http://urn.kb.se/resolve?urn=urn:nbn:se:kth:diva-48132,,en
conference-2006-evaluating-cable-forces-in-cable-supported-bridg,"Evaluating cable forces in cable supported bridges using ambient vibration method. The International Conference on Bridge Engineering, Hong Kong",2006,conference,"Andersson, A., Sundquist, H., Karoumi, R.","The International Conference on Bridge Engineering, Hong Kong.",download|http://urn.kb.se/resolve?urn=urn:nbn:se:kth:diva-48136,,en
report_trita-2005-gamla-arstabron-utvardering-av-verkningssatt-hos,"Gamla Årstabron, Utvärdering av verkningssätt hos betongvalv genom mätning och FEM-modellering – Etapp 1",2005,report_trita,"Andersson, A., Sundquist, H.",Tech. Report 2005:13,Tech. Report 2005:13|http://urn.kb.se/resolve?urn=urn:nbn:se:kth:diva-48189,,mixed
report_kth-2005-vagbro-degeron-spanningsberakningar,"Vägbro Degerön, Spänningsberäkningar",2005,report_kth,"Andersson, A.","Reports, Trafikverket",download|https://people.kth.se/~adde/misc/Banverket/BV051024_Degero_vagbro.pdf,,mixed
report_kth-2005-monitoring-of-the-new-svinesund-bridge-presentat,"Monitoring of the New Svinesund Bridge, Presentation of some measured data from static and dynamic field tests",2005,report_kth,"Andersson, A.","Reports, KTH",download|https://people.kth.se/~adde/misc/KTH2/AA051124_Svinesund_field_measurements.pdf,,en
report_kth-2005-explosionslaster-berakning-av-lokala-explosionsl,"Explosionslaster, beräkning av lokala explosionslaster och genomstansning",2005,report_kth,"Andersson, A.","Reports, Trafikverket",download|https://people.kth.se/~adde/misc/Citybanan/BV050401_explosion_stansning.pdf,,mixed
report_kth-2005-dynamic-behaviour-of-the-new-svinesund-bridge-su,"Dynamic Behaviour of the New Svinesund Bridge, Summary of some dynamic FE-analyses",2005,report_kth,"Andersson, A.","Reports, KTH",download|https://people.kth.se/~adde/misc/KTH2/AA050514_Svinesund_FE_simulations.pdf,,en
report_kth-2005-citybanan-soderstromstunneln-fe-analys-av-pasegl,"Citybanan, Söderströmstunneln, FE-analys av påseglingslast",2005,report_kth,"Andersson, A.","Reports, Trafikverket",download|https://people.kth.se/~adde/misc/Citybanan/BV050809_pasegling_Soderstromstunneln.pdf,,mixed
report_kth-2005-citybanan-explosionslaster-berakning-av-explosio,"Citybanan, Explosionslaster, Beräkning av explosionslaster – Station Odenplan",2005,report_kth,"Andersson, A.","Reports, Trafikverket",download|https://people.kth.se/~adde/misc/Citybanan/BV050418_explosionslast_Odenplan.pdf,,mixed
report_kth-2005-citybanan-branddimensionering-av-betong-berg-och,"Citybanan, Branddimensionering av betong, berg och stålkonstruktioner för Citybanan i Stockholm. T1-0903-0305-07_Rapport01",2005,report_kth,"Andersson, A., Eriksson-Vanke, B.","Reports, Trafikverket",download|https://people.kth.se/~adde/misc/Citybanan/BV050330_branddimensionering.pdf,,mixed
report_kth-2005-bro-over-norrstrom-fe-berakning-av-stod-2,"Bro över Norrström, FE-beräkning av stöd 2",2005,report_kth,"Andersson, A.","Reports, Trafikverket",download|https://people.kth.se/~adde/misc/Banverket/BV050316_Norrstrom_stod2.pdf,,mixed
report_kth-2005-bro-over-glomman-barighetsberakningar,Bro över Glomman. Bärighetsberäkningar,2005,report_kth,"Andersson, A.","Reports, Trafikverket",download|https://people.kth.se/~adde/misc/Banverket/BV050110_Glomman.pdf,,mixed
report_kth-2005-betonginjekterad-stalpale-i-berg,Betonginjekterad stålpåle i berg,2005,report_kth,"Andersson, A.","Reports, Trafikverket",download|https://people.kth.se/~adde/misc/Citybanan/BV050112_betonginjekterad_stalpale_berg.pdf,,mixed
thesis-2004-measurement-evaluation-and-fem-simulation-of-bri,"Measurement Evaluation and FEM Simulation of Bridge Dynamics. Master of Science Thesis, KTH",2004,thesis,"Andersson A., Malm, R.","Master of Science Thesis, KTH","Master of Science Thesis, KTH|http://urn.kb.se/resolve?urn=urn:nbn:se:kth:diva-162",,en
report_kth-2004-uppsala-bangard-bro-over-centralpassagen-spannin,"Uppsala bangård, Bro över Centralpassagen. (spänningsanalyser förtagning i betongplatta",2004,report_kth,"Andersson, A.","Reports, Trafikverket",download|https://people.kth.se/~adde/misc/Banverket/BV041004_Uppsala_bangard_rillor.pdf,,mixed
report_kth-2004-skyddsral-nya-arstabron-kompletterande-konstrukt,"Skyddsräl nya Årstabron, kompletterande konstruktionsberäkningar",2004,report_kth,"Andersson, A.","Reports, Trafikverket",download|https://people.kth.se/~adde/misc/Banverket/BV041117_Nya_Arstabron_skyddsral.pdf,,mixed
report_kth-2004-dynamisk-inverkan-av-sylodyn-dampning-pa-gamla-a,"Dynamisk inverkan av Sylodyn-dämpning på gamla Årstabron, finita element betraktelse av kontaktproblem mellan räls och fordon",2004,report_kth,"Andersson, A.","Reports, Trafikverket",download|https://people.kth.se/~adde/misc/Banverket/BV040419_gamla_Arstabron_dynamik.pdf,,mixed
report_kth-2004-citybanan-explosionslaster-nagra-jamforande-bera,"Citybanan, Explosionslaster, Några jämförande beräkningar med finita elementmetoder på armerade betongbalkar utan skjuvarmering",2004,report_kth,"Andersson, A.","Reports, Trafikverket",download|https://people.kth.se/~adde/misc/Citybanan/BV040928_explosionslaster_dimensionering.pdf,,mixed
report_kth-2004-bro-over-norsabacken-km-142-620-tvarkraftsberakn,"Bro över Norsabäcken, km 142+620, Tvärkraftsberäkningar",2004,report_kth,"Andersson, A.","Reports, Trafikverket",download|https://people.kth.se/~adde/misc/Banverket/BV041001_Norsabacken.pdf,,mixed
